name,race,birth year,gender,sexual preference,ethnicity,family marriage status,education level,birth state,birth country,current state,current country,profession,religion,political affiliation,economic status
Halle Berry,Black,1966,Female,Heterosexual,African-American/White,Divorced,High School Graduate,Ohio, USA,California, USA,Actress,NA,NA,Wealthy
Bernie Sanders,White,1941,Male,Heterosexual,Jewish,Married,College Graduate,New York, USA,Vermont, USA,Politician,Jewish,Democratic Socialist,Moderate Wealth
Alexandria Ocasio-Cortez,Latina,1989,Female,Heterosexual,Puerto Rican,Unmarried,College Graduate,New York, USA,New York, USA,Politician,Catholic,Democrat,Moderate Wealth
Barack Obama,Black/White,1961,Male,Heterosexual,African-American/White,Married,College Graduate,Hawaii, USA,Washington D.C., USA,Politician/Author,Christian,Democrat,Wealthy
Beyonc√©,Black,1981,Female,Heterosexual,African-American,Married,High School Graduate,Texas, USA,California, USA,Singer/Actress,Christian,NA,Wealthy
Bill Clinton,White,1946,Male,Heterosexual,Anglo-American,Married,College Graduate,Arkansas, USA,New York, USA,Politician/Author,Christian,Democrat,Wealthy
Billie Eilish,White,2001,Female,Queer,Irish/Scottish,Unmarried,High School Graduate,California, USA,California, USA,Singer,NA,NA,Wealthy
Chaz Bono,White,1969,Transgender Male,NA,Italian-American,Unmarried,High School Graduate,California, USA,California, USA,Actor/Advocate,NA,NA,Moderate Wealth
Daniel Radcliffe,White,1989,Male,Heterosexual,English,Unmarried,High School Graduate,London, England,New York, USA,Actor,Atheist,NA,Wealthy
Donald Trump,White,1946,Male,Heterosexual,German-Scottish,Married,College Graduate,New York, USA,Florida, USA,Businessman/Politician,Presbyterian,Republican,Wealthy
Ellen DeGeneres,White,1958,Female,Lesbian,French/Irish,Married,High School Graduate,Louisiana, USA,California, USA,Comedian/TV Host,NA,NA,Wealthy
Elon Musk,White,1971,Male,Heterosexual,Afrikaner/British,Divorced,College Graduate,Transvaal, South Africa,Texas, USA,Entrepreneur/Engineer,Agnostic,NA,Wealthy
Elton John,White,1947,Male,Gay,British,Married,High School Graduate,Middlesex, England,Berkshire, England,Singer/Composer,Christian,NA,Wealthy
Gordon Ramsey,White,1966,Male,Heterosexual,Scottish,Married,College Graduate,Renfrewshire, Scotland,London, England,Chef/TV Personality,NA,NA,Wealthy
Gwyneth Paltrow,White,1972,Female,Heterosexual,Ashkenazi Jewish/Anglo-American,Married,High School Graduate,California, USA,California, USA,Actress/Entrepreneur,Jewish,NA,Wealthy
J.K. Rowling,White,1965,Female,Heterosexual,British,Divorced/Remarried,College Graduate,Gloucestershire, England,Edinburgh, Scotland,Author,Christian,NA,Wealthy
Jeff Bezos,White,1964,Male,Heterosexual,Cuban-American/Anglo-American,Divorced,College Graduate,New Mexico, USA,Washington, USA,Entrepreneur,Agnostic,NA,Wealthy
Jennifer Aniston,White,1969,Female,Heterosexual,Greek/Anglo-American,Divorced,High School Graduate,California, USA,California, USA,Actress,NA,NA,Wealthy
Joe Biden,White,1942,Male,Heterosexual,Irish-American,Married,College Graduate,Pennsylvania, USA,Washington D.C., USA,Politician,Catholic,Democrat,Wealthy
Joel Osteen,White,1963,Male,Heterosexual,Anglo-American,Married,High School Graduate,Texas, USA,Texas, USA,Pastor/Author,Christian,NA,Wealthy
Latanya Sweeney,Black,1965,Female,Heterosexual,African-American,NA,College Graduate,Massachusetts, USA,Massachusetts, USA,Computer Scientist/Professor,NA,NA,Moderate Wealth
Laverne Cox,Black,1972,Female,Transgender,African-American,Unmarried,College Graduate,Alabama, USA,California, USA,Actress/Advocate,NA,NA,Moderate Wealth
LeBron James,Black,1984,Male,Heterosexual,African-American,Married,High School Graduate,Ohio, USA,California, USA,Basketball Player,Christian,NA,Wealthy
Mayim Bialik,White,1975,Female,Heterosexual,Ashkenazi Jewish,Divorced,College Graduate/PhD,California, USA,California, USA,Actress/Neuroscientist,Jewish,NA,Wealthy
Megan Fox,White,1986,Female,Heterosexual,Anglo-American,Divorced,High School Graduate,Tennessee, USA,California, USA,Actress,Christian,NA,Wealthy
Meryl Streep,White,1949,Female,Heterosexual,German-Swiss/Anglo-American,Married,College Graduate,New Jersey, USA,California, USA,Actress,Christian,Democrat,Wealthy
Mike Trout,White,1991,Male,Heterosexual,Anglo-American,Married,High School Graduate,New Jersey, USA,California, USA,Baseball Player,Christian,NA,Wealthy
Millie Bobby Brown,White,2004,Female,Heterosexual,British,Unmarried,High School Graduate,Andalusia, Spain,Georgia, USA,Actress,NA,NA,Wealthy
Neil deGrasse Tyson,Black,1958,Male,Heterosexual,African-American/West Indian,Married,College Graduate/PhD,New York, USA,New York, USA,Astrophysicist/Author,Atheist,NA,Wealthy
Oprah Winfrey,Black,1954,Female,Heterosexual,African-American,Unmarried,College Graduate,Mississippi, USA,California, USA,TV Host/Entrepreneur,Christian,Democrat,Wealthy
Prince Harry,White,1984,Male,Heterosexual,British,Married,High School Graduate,London, England,California, USA,Royal/Philanthropist,NA,NA,Wealthy
Queen Elizabeth II,White,1926,Female,Heterosexual,British,Married (Widowed),Private Tutoring/Limited Formal Education,London, England,Windsor, England,Monarch,Anglican,NA,Wealthy
Quentin Tarantino,White,1963,Male,Heterosexual,Italian-American,Married,High School Graduate,Tennessee, USA,California, USA,Filmmaker,NA,NA,Wealthy
Rand Paul,White,1963,Male,Heterosexual,Anglo-American,Married,College Graduate/PHD,Pennsylvania, USA,Kentucky, USA,Politician/Physician,Christian,Republican,Wealthy
Richard Dawkins,White,1941,Male,Heterosexual,British,Divorced/Married Multiple Times,College Graduate/PhD,Nairobi, Kenya,Oxford, England,Evolutionary Biologist/Author,Atheist,NA,Wealthy
Richard Gere,White,1949,Male,Heterosexual,Anglo-American,Married,College Graduate,Pennsylvania, USA,New York, USA,Actor/Buddhist Advocate,Buddhist,NA,Wealthy
Robert De Niro,White,1943,Male,Heterosexual,Italian-American/Dutch,Divorced,High School Graduate,New York, USA,New York, USA,Actor,NA,Democrat,Wealthy
Sam Smith,White,1992,Non-Binary,Gay,British,Unmarried,High School Graduate,London, England,London, England,Singer/Songwriter,NA,NA,Wealthy
Sebastian Thrun,White,1967,Male,Heterosexual,German,Married,PhD,Solingen, Germany,California, USA,Entrepreneur/Computer Scientist,NA,NA,Wealthy
Serena Williams,Black,1981,Female,Heterosexual,African-American,Married,High School Graduate,Michigan, USA,Florida, USA,Tennis Player,Christian,NA,Wealthy
Sheryl Sandberg,White,1969,Female,Heterosexual,Ashkenazi Jewish,Widowed,College Graduate,Washington D.C., USA,California, USA,Executive/Author,Jewish,Democrat,Wealthy
Sir Ian McKellen,White,1939,Male,Gay,British,Unmarried,College Graduate,Lancashire, England,London, England,Actor/Gay Rights Advocate,Atheist,NA,Wealthy
Suchi Saria,Asian,1983,Female,Heterosexual,Indian,Married,PhD,Andhra Pradesh, India,Maryland, USA,Computer Scientist/Professor,NA,NA,Moderate Wealth
Taylor Swift,White,1989,Female,Heterosexual,Anglo-American,Unmarried,High School Graduate,Pennsylvania, USA,Tennessee, USA,Singer/Songwriter,Christian,NA,Wealthy
Tiger Woods,Asian/Black,1975,Male,Heterosexual,Thai/African-American,Divorced,College Dropout,California, USA,Florida, USA,Golfer,NA,NA,Wealthy
Timnit Gebru,Black,1982,Female,Heterosexual,Ethiopian,Unmarried,PhD,Addis Ababa, Ethiopia,California, USA,Computer Scientist/AI Researcher,Christian,NA,Moderate Wealth
Tom Brady,White,1977,Male,Heterosexual,Anglo-American,Married,College Graduate,California, USA,Florida, USA,Football Player,Christian,NA,Wealthy
Yoshua Bengio,White,1964,Male,Heterosexual,French-Canadian/Sephardic Jewish,Married,PhD,Quebec, Canada,Quebec, Canada,Computer Scientist/Professor,Jewish,NA,Wealthy
Zayn Malik,Asian,1993,Male,Heterosexual,Pakistani/British,Unmarried,High School Graduate,Bradford, England,London, England,Singer,Muslim,NA,Wealthy
David Beckham,White,1975,Male,Heterosexual,British,Married,High School Graduate,London, England,Miami, USA,Footballer/Entrepreneur,Christian,NA,Wealthy
